sku,supplier_name,product_url
6B1,abey.com.au,https://www.abey.com.au/product/tapware/bathroom-basin-mixers/poco-basin-mixer/
HENRI-3W,abey.com.au,https://www.abey.com.au/product/sinks/kitchen-sinks/chambord-henri-1-1-2-bowl-fireclay/
PALAIS,abey.com.au,https://www.abey.com.au/product/tapware/kitchen-mixers/palais-kitchen-mixer/
LT-5075,abey.com.au,https://www.abey.com.au/product/basins/vela-wall-hung-basin-1th/
CEA05,abey.com.au,https://www.abey.com.au/product/accessories/bathroom-accessories/premium-single-towel-rail-760mm/
enviro-green-waste-machine,abey.com.au,https://www.abey.com.au/products/enviro-green-waste-machine/
6025-S,abey.com.au,https://www.abey.com.au/product/accessories/kitchen-sink-accessories/plug-waste-90x50mm-stone/
D200PR,abey.com.au,https://www.abey.com.au/product/sinks/kitchen-sinks/schock-signus-puro-1-3-4-bowl-right-hand-bowl-1th/
CR340,abey.com.au,https://www.abey.com.au/product/sinks/kitchen-sinks/piazza-340-square-bowl/
showers,abey.com.au,https://www.abey.com.au/products/showers/
26933,abey.com.au,https://www.abey.com.au/product/freestanding-baths/clearstone-matt-bath-plug-and-waste/
N200UP,abey.com.au,https://www.abey.com.au/product/sinks/kitchen-sinks/schock-double-bowl-undermount-puro/
123381,abey.com.au,https://www.abey.com.au/product/basins/park-avenue-mk2-semi-recessed-basin/
KM-175D,abey.com.au,https://www.abey.com.au/product/sinks/kitchen-sinks/kallio-one-1-3-bowl-day-with-1th/
6B1-LF,abey.com.au,https://www.abey.com.au/product/tapware/bathroom-basin-mixers/poco-basin-mixer-lead-free/
500144,abey.com.au,https://www.abey.com.au/product/tapware/bathroom-spouts/piazza-wall-mounted-spout-round-190mm/
TD100BL,abey.com.au,https://www.abey.com.au/product/sinks/kitchen-sinks/schock-typos-single-bowl-with-drainer-onyx-left-hand-bowl-1th/
6B3-K,abey.com.au,https://www.abey.com.au/product/tapware/bathroom-basin-mixers/poco-knurled-high-basin-mixer/
8SHD-EXT-BN + 8SHD-INT-BN,abey.com.au,https://www.abey.com.au/product/tapware/bathroom-wall-shower-diverter-mixers/poco-p-wall-diverter-mixer-2/
TD100CRR,abey.com.au,https://www.abey.com.au/product/sinks/kitchen-sinks/schock-typos-single-bowl-with-drainer-croma-right-hand-bowl-1th/
27474,abey.com.au,https://www.abey.com.au/product/freestanding-baths/formoso-1690mm-natural-stone-bath-matt/
TD100T2WR,abey.com.au,https://www.abey.com.au/product/sinks/kitchen-sinks/schock-typos-single-bowl-with-drainer-400710a-pull-out-kitchen-mixer-alpina-3/
hand-showers,abey.com.au,https://www.abey.com.au/products/showers/hand-showers/
1PMD95,abey.com.au,https://www.abey.com.au/product/kitchen-appliances/barazza-mood-90cm-built-in-hob-stainless-steel/
PTR,abey.com.au,https://www.abey.com.au/product/accessories/bathroom-accessories/poco-towel-ring/
N-100XLYP,abey.com.au,https://www.abey.com.au/product/sinks/kitchen-sinks/schock-signus-large-single-bowl-undermount-puro/
900113,abey.com.au,https://www.abey.com.au/product/showers/hand-showers/piazza-handshower-set/
1C306,abey.com.au,https://www.abey.com.au/product/kitchen-appliances/barazza-alfresco-stainless-steel-cover-tray/
FD-150LWR,abey.com.au,https://www.abey.com.au/product/sinks/kitchen-sinks/schock-formhaus-right-hand-one-one-quarter-bowl-drainer-1th-alpina/
SD07L-CO,abey.com.au,https://www.abey.com.au/product/accessories/kitchen-sink-accessories/soap-dispenser-artisan-copper/
1BS-S,abey.com.au,https://www.abey.com.au/product/tapware/bathroom-spouts/park-avenue-basin-spout-2-piece-210mm/
6SH-EXT-LF + USH-INT-LF,abey.com.au,https://www.abey.com.au/product/tapware/bathroom-wall-shower-mixers/poco-shower-mixer-lead-free/
6BS-WS,abey.com.au,https://www.abey.com.au/product/showers/hand-showers/poco-3-hole-bath-shower-mixer-set/
629099,abey.com.au,https://www.abey.com.au/product/accessories/kitchen-sink-accessories/schock-pro-care-set/
QN-100SCR,abey.com.au,https://www.abey.com.au/product/sinks/kitchen-sinks/schock-quadro-single-bowl-croma/
VN-100XSW,abey.com.au,https://www.abey.com.au/product/sinks/kitchen-sinks/schock-virtus-small-bowl-1th-alpina/
N120P,abey.com.au,https://www.abey.com.au/product/sinks/kitchen-sinks/schock-soho-large-single-bowl-puro/
7SHD-EXT-2 + USHD-INT,abey.com.au,https://www.abey.com.au/product/tapware/bathroom-wall-shower-diverter-mixers/vela-diverter-mixer-2/
22898,abey.com.au,https://www.abey.com.au/product/basins/byron-clearstone-gloss-basin-with-matching-stone-waste/
QN-150B,abey.com.au,https://www.abey.com.au/product/sinks/kitchen-sinks/schock-quadro-one-1-3-bowl-onyx/
LEGRANDE-3W,abey.com.au,https://www.abey.com.au/product/sinks/kitchen-sinks/chambord-legrande-large-bowl-reversible-fireclay/
TD100T2BR,abey.com.au,https://www.abey.com.au/product/sinks/kitchen-sinks/schock-typos-single-bowl-with-right-hand-drainer-1th-400710b-pull-out-kitchen-mixer-onyx/
6052-MB,abey.com.au,https://www.abey.com.au/product/accessories/bathroom-accessories/plug-waste-40mm-matt-black/
6SHD-EXT-K-2 + USHD-INT,abey.com.au,https://www.abey.com.au/product/tapware/bathroom-wall-shower-diverter-mixers/poco-knurled-diverter-mixer-2/
N100SB,abey.com.au,https://www.abey.com.au/product/sinks/kitchen-sinks/schock-soho-single-bowl-magma/
6025-B,abey.com.au,https://www.abey.com.au/product/accessories/kitchen-sink-accessories/plug-waste-90x50mm-black/
VN-100XLB,abey.com.au,https://www.abey.com.au/product/sinks/kitchen-sinks/schock-virtus-large-bowl-onyx/
KTA014-BR,abey.com.au,https://www.abey.com.au/product/tapware/kitchen-mixers/304-gooseneck-pull-out-with-dual-spray-function-kitchen-mixer/
BS1B,abey.com.au,https://www.abey.com.au/product/sinks/bar-sinks/bs1-bar-sink-black-pearl/
6S-C165,abey.com.au,https://www.abey.com.au/product/tapware/bathroom-spouts/poco-basin-spout-165mm/
