SKU,URL
849037C,https://www.caroma.com/au/product/contura-ii-bathroom-shelf-chrome-117930/
849037B,https://www.caroma.com/au/product/contura-ii-bathroom-shelf-matte-black-117931/
849037BB,https://www.caroma.com/au/product/contura-ii-bathroom-shelf-brushed-brass-117932/
849037BBZ,https://www.caroma.com/au/product/contura-ii-bathroom-shelf-brushed-bronze-117933/
849037BN,https://www.caroma.com/au/product/contura-ii-bathroom-shelf-brushed-nickel-117934/
UII5LHCW,https://www.caroma.com/au/product/urbane-ii-back-to-corner-bath-1500-white-119732/
UII5RHCW,https://www.caroma.com/au/product/urbane-ii-back-to-corner-bath-1500-white-119733/
UII5LHCWOF,https://www.caroma.com/au/product/urbane-ii-back-to-corner-bath-1500-white-119736/
UII5RHCWOF,https://www.caroma.com/au/product/urbane-ii-back-to-corner-bath-1500-white-119737/
849054C6AF,https://www.caroma.com/au/product/contura-ii-wall-basinbath-mixer-220mm-trim-kit-chrome-117844/
849054B6AF,https://www.caroma.com/au/product/contura-ii-wall-basinbath-mixer-220mm-trim-kit-matte-black-117845/
849054BN6AF,https://www.caroma.com/au/product/contura-ii-wall-basinbath-mixer-220mm-trim-kit-brushed-nickel-117846/
849054BB6AF,https://www.caroma.com/au/product/contura-ii-wall-basinbath-mixer-220mm-trim-kit-brushed-brass-117847/
849054BBZ6AF,https://www.caroma.com/au/product/contura-ii-wall-basinbath-mixer-220mm-trim-kit-brushed-bronze-117848/
91114C,https://www.caroma.com/au/product/care-plus-optional-sink-mixer-care-handle-hc-chrome-120393/
CO9900SS,https://www.caroma.com/au/product/urbane-ii-70l-flushline-tub-stainless-steel-120693/
CO9900SS.1,https://www.caroma.com/au/product/urbane-ii-70l-flushline-tub-stainless-steel-120694/
6873771B,https://www.caroma.com/au/product/opal-support-rail-800mm-straight-matte-black-109469/
6873771BN,https://www.caroma.com/au/product/opal-support-rail-800mm-straight-brushed-nickel-109470/
6873771C,https://www.caroma.com/au/product/opal-support-rail-800mm-straight-chrome-109471/
CII7FSMC,https://www.caroma.com/au/product/contura-ii-1700mm-freestanding-bath-matte-clay-118121/
CII7FSMW,https://www.caroma.com/au/product/contura-ii-1700mm-freestanding-bath-matte-white-118122/
CII7FSW,https://www.caroma.com/au/product/contura-ii-1700mm-freestanding-bath-white-118123/
96441C,https://www.caroma.com/au/product/liano-ii-toilet-roll-holder-chrome-121273/
96441B,https://www.caroma.com/au/product/liano-ii-toilet-roll-holder-matte-black-121274/
96441BN,https://www.caroma.com/au/product/liano-ii-toilet-roll-holder-brushed-nickel-121275/
96441BB,https://www.caroma.com/au/product/liano-ii-toilet-roll-holder-brushed-brass-121276/
96441GM,https://www.caroma.com/au/product/liano-ii-toilet-roll-holder-gunmetal-121277/
96441BBZ,https://www.caroma.com/au/product/liano-ii-toilet-roll-holder-brushed-bronze-121278/
99687,https://www.caroma.com/au/product/universal-hob-mixer-body-114180/
687381C,https://www.caroma.com/au/product/opal-support-shower-rail-90-degree-chrome-104706/
687381B,https://www.caroma.com/au/product/opal-support-shower-rail-90-degree-matte-black-109441/
687381BN,https://www.caroma.com/au/product/opal-support-shower-rail-90-degree-brushed-nickel-109442/
96474C3A,https://www.caroma.com/au/product/liano-ii-hand-shower-chrome-121502/
96474B3A,https://www.caroma.com/au/product/liano-ii-hand-shower-matte-black-121503/
96474BN3A,https://www.caroma.com/au/product/liano-ii-hand-shower-brushed-nickel-121504/
96474BB3A,https://www.caroma.com/au/product/liano-ii-hand-shower-brushed-brass-121505/
96474GM3A,https://www.caroma.com/au/product/liano-ii-hand-shower-gunmetal-121506/
96474BBZ3A,https://www.caroma.com/au/product/liano-ii-hand-shower-brushed-bronze-121507/
848710W,https://www.caroma.com/au/product/urbane-ii-bidet-cleanflush-wall-faced-close-coupled-bottom-inlet-toilet-suite-with-germgard-white-115417/
CO0175SS.0R,https://www.caroma.com/au/product/urbane-ii-175-right-hand-bowl-stainless-steel-120676/
CO0175SS.1R,https://www.caroma.com/au/product/urbane-ii-175-right-hand-bowl-stainless-steel-120683/
844720W,https://www.caroma.com/au/product/luna-cleanflush-close-coupled-toilet-suite-p-trap-bi-white-79734/
96329B,https://www.caroma.com/au/product/urbane-ii-universal-toilet-roll-holder-attachment-black-119524/
96329BB,https://www.caroma.com/au/product/urbane-ii-universal-toilet-roll-holder-attachment-brushed-brass-119525/
96329BN,https://www.caroma.com/au/product/urbane-ii-universal-toilet-roll-holder-attachment-brushed-nickel-119526/
96329C,https://www.caroma.com/au/product/urbane-ii-universal-toilet-roll-holder-attachment-chrome-119527/
96329GM,https://www.caroma.com/au/product/urbane-ii-universal-toilet-roll-holder-attachment-gunmetal-119528/
687478SS,https://www.caroma.com/au/product/care-support-grab-rail-1000mm-straight-chrome-113808/
687478B,https://www.caroma.com/au/product/care-support-grab-rail-1000mm-straight-matte-black-113809/
687478BN,https://www.caroma.com/au/product/care-support-grab-rail-1000mm-straight-brushed-nickel-115172/
96400C65A,https://www.caroma.com/au/product/liano-ii-hob-swivel-outlet-160mm-chrome-114155/
96400BB65A,https://www.caroma.com/au/product/liano-ii-hob-swivel-outlet-160mm-brushed-brass-114158/
96400GM65A,https://www.caroma.com/au/product/liano-ii-hob-swivel-outlet-160mm-gunmetal-114159/
G02950C4A,https://www.caroma.com/au/product/g-series-underslung-wall-sink-outlet-chrome-79808/
985400ARWNCL,https://www.caroma.com/au/product/opal-cleanflush-easy-height-wall-faced-close-coupled-suite-with-single-flap-seat-white-and-nurse-call-armrests-left-white-96484/
99639C,https://www.caroma.com/au/product/caroma-300mm-ceiling-shower-arm-chrome-106005/
99639B,https://www.caroma.com/au/product/caroma-300mm-ceiling-shower-arm-matte-black-106006/
99639GM,https://www.caroma.com/au/product/caroma-300mm-ceiling-shower-arm-gunmetal-106007/
99639BB,https://www.caroma.com/au/product/caroma-300mm-ceiling-shower-arm-brushed-brass-106008/
99639BN,https://www.caroma.com/au/product/caroma-300mm-ceiling-shower-arm-brushed-nickel-106009/
99639BBZ,https://www.caroma.com/au/product/caroma-300mm-ceiling-shower-arm-brushed-bronze-118667/
878500W,https://www.caroma.com/au/product/urbane-ii-under-counter-basin-white-106105/
849001MW,https://www.caroma.com/au/product/contura-ii-cleanflush-wall-hung-invisi-series-ii-suite-germgard-matte-white-118619/
849002MW,https://www.caroma.com/au/product/contura-ii-cleanflush-wall-hung-invisi-series-ii-suite-germgard-matte-white-118620/
849001W,https://www.caroma.com/au/product/contura-ii-cleanflush-wall-hung-invisi-series-ii-suite-germgard-white-118622/
849002W,https://www.caroma.com/au/product/contura-ii-cleanflush-wall-hung-invisi-series-ii-suite-germgard-white-118623/
849001CL,https://www.caroma.com/au/product/contura-ii-cleanflush-wall-hung-invisi-series-ii-suite-germgard-matte-clay-118625/
849002CL,https://www.caroma.com/au/product/contura-ii-cleanflush-wall-hung-invisi-series-ii-suite-germgard-matte-clay-118626/
849003MW,https://www.caroma.com/au/product/contura-ii-cleanflush-wall-hung-invisi-series-ii-suite-germgard-matte-white-118621/
849003W,https://www.caroma.com/au/product/contura-ii-cleanflush-wall-hung-invisi-series-ii-suite-germgard-white-118624/
849003CL,https://www.caroma.com/au/product/contura-ii-cleanflush-wall-hung-invisi-series-ii-suite-germgard-matte-clay-118627/
96404C65A,https://www.caroma.com/au/product/liano-ii-hob-basin-mixer-set-160mm-chrome-114170/
96404B65A,https://www.caroma.com/au/product/liano-ii-hob-basin-mixer-set-160mm-matte-black-114171/
96404BN65A,https://www.caroma.com/au/product/liano-ii-hob-basin-mixer-set-160mm-brushed-nickel-114172/
96404BB65A,https://www.caroma.com/au/product/liano-ii-hob-basin-mixer-set-160mm-brushed-brass-114173/
96404GM65A,https://www.caroma.com/au/product/liano-ii-hob-basin-mixer-set-160mm-gunmetal-114174/
G03700C5A,https://www.caroma.com/au/product/g-series-exposed-hob-basin-outlet-chrome-79824/
687397W,https://www.caroma.com/au/product/care-support-folding-shower-seat-germgard-white-chrome-115463/
687397B,https://www.caroma.com/au/product/care-support-folding-shower-seat-germgard-matte-black-115464/
846913ARW,https://www.caroma.com/au/product/care-660-cleanflush-wall-faced-close-coupled-easy-height-suite-with-armrest-and-caravelle-seat-white-96552/
846913ARSB,https://www.caroma.com/au/product/care-660-cleanflush-wall-faced-close-coupled-easy-height-suite-with-armrest-and-caravelle-seat-sorrento-blue-96553/
846913ARAG,https://www.caroma.com/au/product/care-660-cleanflush-wall-faced-close-coupled-easy-height-suite-with-armrest-and-caravelle-seat-anthracite-grey-96554/
814156C6AF,https://www.caroma.com/au/product/school-smart-timed-flow-tap-wall-cold-chrome-124151/
CO0100SS,https://www.caroma.com/au/product/urbane-ii-single-bowl-sink-stainless-steel-120682/
99658C,https://www.caroma.com/au/product/caroma-200mm-ceiling-shower-arm-chrome-105989/
99658B,https://www.caroma.com/au/product/caroma-200mm-ceiling-shower-arm-matte-black-105990/
99658GM,https://www.caroma.com/au/product/caroma-200mm-ceiling-shower-arm-gunmetal-105991/
99658BB,https://www.caroma.com/au/product/caroma-200mm-ceiling-shower-arm-brushed-brass-105992/
99658BN,https://www.caroma.com/au/product/caroma-200mm-ceiling-shower-arm-brushed-nickel-106004/
99658BBZ,https://www.caroma.com/au/product/caroma-200mm-ceiling-shower-arm-brushed-bronze-118666/
853300W,https://www.caroma.com/au/product/contura-ii-530mm-inset-basin-white-118156/
853300MW,https://www.caroma.com/au/product/contura-ii-530mm-inset-basin-matte-white-118157/
853300CL,https://www.caroma.com/au/product/contura-ii-530mm-inset-basin-matte-clay-118158/
843606W,https://www.caroma.com/au/product/care-800-cleanflush-wall-faced-bi-pan-with-germgard-white-112151/
99655C3A,https://www.caroma.com/au/product/caroma-300mm-square-rain-shower-chrome-105974/
99655B3A,https://www.caroma.com/au/product/caroma-300mm-square-rain-shower-matte-black-105975/
99655GM3A,https://www.caroma.com/au/product/caroma-300mm-square-rain-shower-gunmetal-105976/
99655BB3A,https://www.caroma.com/au/product/caroma-300mm-square-rain-shower-brushed-brass-105977/
99655BN3A,https://www.caroma.com/au/product/caroma-300mm-square-rain-shower-brushed-nickel-105978/
853015W,https://www.caroma.com/au/product/liano-ii-hand-wall-basin-1-tap-hole-with-overflow-white-124774/
853015MW,https://www.caroma.com/au/product/liano-ii-hand-wall-basin-1-tap-hole-with-overflow-matte-white-124775/
853015MB,https://www.caroma.com/au/product/liano-ii-hand-wall-basin-1-tap-hole-with-overflow-matte-black-124776/
96448C,https://www.caroma.com/au/product/liano-ii-double-towel-rail-840mm-chrome-121315/
96448B,https://www.caroma.com/au/product/liano-ii-double-towel-rail-840mm-matte-black-121316/
96448BN,https://www.caroma.com/au/product/liano-ii-double-towel-rail-840mm-brushed-nickel-121317/
96448BB,https://www.caroma.com/au/product/liano-ii-double-towel-rail-840mm-brushed-brass-121318/
96448GM,https://www.caroma.com/au/product/liano-ii-double-towel-rail-840mm-gunmetal-121319/
96448BBZ,https://www.caroma.com/au/product/liano-ii-double-towel-rail-840mm-brushed-bronze-121320/
