"SKU","URL"
"AD1510CNSPAWC","https://decina.com.au/product/adatto-1510-1650-contour-12-jets-spa-bath/"
"AD1510SAN10JW","https://decina.com.au/product/adatto-1510-1650-santai-10-jet-spa-bath-white/"
"AD1510W","https://decina.com.au/product/adatto-1510-1650-inset-bath-white/"
"AD1650CNSPAWC","https://decina.com.au/product/adatto-1510-1650-contour-12-jets-spa-bath/"
"AD1650SAN10JW","https://decina.com.au/product/adatto-1510-1650-santai-10-jet-spa-bath-white/"
"AD1650W","https://decina.com.au/product/adatto-1510-1650-inset-bath-white/"
"ADTSWFER","https://decina.com.au/product/adatto-ezi-height-rimless-toilet-suite/"
"AG1400WIO","https://decina.com.au/product/alegra-back-to-wall-freestanding-bath/"
"AG1500BTWCNW","https://decina.com.au/product/alegra-contour-back-to-wall-freestanding-bath/"
"AG1500BTWCNWHJT","https://decina.com.au/product/alegra-contour-back-to-wall-freestanding-bath/"
"AG1500WAU","https://decina.com.au/product/alegra-1500-1700-back-to-wall-freestanding-bath-white/"
"AG1700B","https://decina.com.au/product/alegra-1700-black-back-to-wall-freestanding-bath/"
"AG1700BTWCNW","https://decina.com.au/product/alegra-contour-back-to-wall-freestanding-bath/"
"AG1700BTWCNWHJT","https://decina.com.au/product/alegra-contour-back-to-wall-freestanding-bath/"
"AG1700WAU","https://decina.com.au/product/alegra-1500-1700-back-to-wall-freestanding-bath-white/"
"ALEZFER","https://decina.com.au/product/alegra-ezi-height-universal-rimless-back-to-wall-toilet-suite/"
"ALTS","https://decina.com.au/product/alegra-toilet-seat-only/"
"AN1295CNSPAWC","https://decina.com.au/product/angelique-1295-1465-contour-14-jet-spa-bath/"
"AN1295DVSPAWC","https://decina.com.au/product/angelique-1295-1465-dolce-vita-18-jet-spa-bath/"
"AN1295SAN12JW","https://decina.com.au/product/angelique-1295-1465-santai-12-jets-white/"
"AN1295W","https://decina.com.au/product/angelique-1295-1465-corner-inset-bath-white/"
"AN1465CNSPAWC","https://decina.com.au/product/angelique-1295-1465-contour-14-jet-spa-bath/"
"AN1465DVSPAWC","https://decina.com.au/product/angelique-1295-1465-dolce-vita-18-jet-spa-bath/"
"AN1465SAN12JW","https://decina.com.au/product/angelique-1295-1465-santai-12-jets-white/"
"AN1465W","https://decina.com.au/product/angelique-1295-1465-corner-inset-bath-white/"
"AR1500WIO","https://decina.com.au/product/aria-back-to-wall-freestanding-bath-1500-1700mm/"
"AR1525W","https://decina.com.au/product/aria-inset-bath-1525-1675/"
"AR1675W","https://decina.com.au/product/aria-inset-bath-1525-1675/"
"AR1700W","https://decina.com.au/product/aria-freestanding-bath/"
"AR1700WIO","https://decina.com.au/product/aria-back-to-wall-freestanding-bath-1500-1700mm/"
"ARB49SIW","https://decina.com.au/product/aria-semi-inset-basin-495/"
"ARBCT4W","https://decina.com.au/product/aria-counter-top-basin/"
"ARBSIW","https://decina.com.au/product/aria-semi-inset-basin/"
"ARBSR1W","https://decina.com.au/product/aria-500-semi-recessed-basin/"
"ARBWMW460","https://decina.com.au/product/aria-450-wall-pedestal-basin/"
"ATS","https://decina.com.au/product/adatto-toilet-seat-only/"
"AU1500MWIO","https://decina.com.au/product/aurora-1500-1700-back-to-wall-freestanding-bath/"
"AU1700MWIO","https://decina.com.au/product/aurora-1500-1700-back-to-wall-freestanding-bath/"
"AVSS1200C","https://decina.com.au/product/avalon-sliding-screen-1200x900/"
"AVSYS1200R","https://decina.com.au/product/avalon-1200-shower-system/"
"AZ1200WN","https://decina.com.au/product/azzurro-shower-bath/"
"BA1510W","https://decina.com.au/product/bambino-bath-white/"
"BA1650W","https://decina.com.au/product/bambino-bath-white/"
"BC001","https://decina.com.au/product/bamboo-bath-caddy/"
"BE895W","https://decina.com.au/product/bella-910-shower-bath-white/"
"BI1400W","https://decina.com.au/product/bianco-back-to-wall-corner-freestanding-bath/"
"BI1500W","https://decina.com.au/product/bianco-back-to-wall-corner-freestanding-bath/"
"BI1700W","https://decina.com.au/product/bianco-back-to-wall-corner-freestanding-bath/"
"CA1480W","https://decina.com.au/product/caval-freestanding-bath/"
"CA1480WIO","https://decina.com.au/product/caval-freestanding-bath-2/"
"CA1525CNSPAWC","https://decina.com.au/product/carina-contour-spa-bath/"
"CA1525SAN12JW","https://decina.com.au/product/carina-1525-1675-1750-santai-12-jets-white/"
"CA1525W","https://decina.com.au/product/carina-1525-1675-1750-island-bath-white/"
"CA1675CNSPAWC","https://decina.com.au/product/carina-contour-spa-bath/"
"CA1675DVSPAWC","https://decina.com.au/product/carina-1675-1750-dolce-vita-18-jet-spa-bath/"
"CA1675SAN12JW","https://decina.com.au/product/carina-1525-1675-1750-santai-12-jets-white/"
"CA1675W","https://decina.com.au/product/carina-1525-1675-1750-island-bath-white/"
"CA1680W","https://decina.com.au/product/caval-freestanding-bath/"
"CA1680WIO","https://decina.com.au/product/caval-freestanding-bath-2/"
"CA1750CNSPAWC","https://decina.com.au/product/carina-contour-spa-bath/"
"CA1750DVSPAWC","https://decina.com.au/product/carina-1675-1750-dolce-vita-18-jet-spa-bath/"
"CA1750SAN12JW","https://decina.com.au/product/carina-1525-1675-1750-santai-12-jets-white/"
"CA1750W","https://decina.com.au/product/carina-1525-1675-1750-island-bath-white/"
"CA1800CNSPAWC","https://decina.com.au/product/caval-1800-contour-spa-bath-14-jets/"
"CA1800DVSPAWC","https://decina.com.au/product/caval-1800-dolce-vita-18-jet-spa-bath/"
"CA1800SAN12JW","https://decina.com.au/product/caval-1800-santai-spa-bath-12-jets-white/"
"CA1800W","https://decina.com.au/product/caval-1800-island-bath-white/"
"CABCT4W","https://decina.com.au/product/caval-410-counter-top-basin/"
"CABCTB","https://decina.com.au/product/carina-square-counter-top-basin-matte-black/"
"CABCTR","https://decina.com.au/product/caval-counter-top-basin/"
"CABCTTH","https://decina.com.au/product/caval-counter-top-basin-1th/"
"CABCTW","https://decina.com.au/product/carina-counter-top-basin-white/"
"CABRO","https://decina.com.au/product/caval-round-semi-recessed-basin/"
"CABSI47W","https://decina.com.au/product/caval-475-semi-inset-basin/"
"CABSI4W","https://decina.com.au/product/carina-semi-inset-basin/"
"CABSIW","https://decina.com.au/product/carina-semi-inset-basin-2/"
"CABUCW","https://decina.com.au/product/carina-square-undermount-basin-white/"
"CABVW","https://decina.com.au/product/carina-415-vanity-inset-basin/"
"CAFSC","https://decina.com.au/product/cascade-fixed-swing-pivot-panel/"
"CAPPC","https://decina.com.au/product/cascade-pivot-panel-chrome/"
"CARSWFR","https://decina.com.au/product/carina-rimless-uni-back-to-wall-toilet-suite/"
"CASS1000C","https://decina.com.au/product/cascade-shower-screen-semi-frameless-900-1000-1200/"
"CASS1200C","https://decina.com.au/product/cascade-shower-screen-semi-frameless-900-1000-1200/"
"CASS900C","https://decina.com.au/product/cascade-shower-screen-semi-frameless-900-1000-1200/"
"CASSANGLEC","https://decina.com.au/product/cascade-angled-corner-semi-frameless-screen-1000x1000/"
"CASYS1000CC","https://decina.com.au/product/cascade-900-1000-shower-system/"
"CASYS1000RC","https://decina.com.au/product/cascade-900-1000-shower-system/"
"CASYS1200RC","https://decina.com.au/product/cascade-1200-shower-system/"
"CASYS900CC","https://decina.com.au/product/cascade-900-1000-shower-system/"
"CASYS900RC","https://decina.com.au/product/cascade-900-1000-shower-system/"
"CASYSANGLEDC","https://decina.com.au/product/cascade-angled-shower-system/"
"CAVSWFR","https://decina.com.au/product/caval-ezi-height-universal-rimless-back-to-wall-toilet-suite/"
"CO1300WIO","https://decina.com.au/product/cosmo-1300-freestanding-bath-with-integrated-overflow/"
"CO1500W","https://decina.com.au/product/cool/"
"CO1525CNSPAWC","https://decina.com.au/product/cortez-1520-1670-contour-spa-bath-12-jets-white/"
"CO1525SAN10JW","https://decina.com.au/product/cortez-1520-1670-santai-10-jets-white/"
"CO1525W","https://decina.com.au/product/cortez-inset-bath-1520-1670/"
"CO1675CNSPAWC","https://decina.com.au/product/cortez-1520-1670-contour-spa-bath-12-jets-white/"
"CO1675DVSPAWC","https://decina.com.au/product/cortez-1670-dolce-vita-spa-bath-16-jet/"
"CO1675SAN10JW","https://decina.com.au/product/cortez-1520-1670-santai-10-jets-white/"
"CO1675W","https://decina.com.au/product/cortez-inset-bath-1520-1670/"
"CO1800W","https://decina.com.au/product/cool/"
"CUFS","https://decina.com.au/product/toilet-seat-curved-hamberger-evo/"
"DEPCU","https://decina.com.au/product/universal-adjustable-pan-connector/"
"DU1850CNSPAWC","https://decina.com.au/product/duo-contour-spa-bath-16-jets-white/"
"DU1850DVSPAWC","https://decina.com.au/product/duo-1850-dolce-vita-spa-bath-24-jets/"
"DU1850SAN12JW","https://decina.com.au/product/duo-1850-santai-spa-bath-12-jets-white/"
"DU1850W","https://decina.com.au/product/duo-1850-bath-white/"
"EDG119","https://decina.com.au/product/spa-pump-cover/"
"EDG138","https://decina.com.au/product/cover-plate/"
"EDG147","https://decina.com.au/product/eco-energy-efficient-spa-pump/"
"EDG150","https://decina.com.au/product/eco-energy-efficient-spa-pump/"
"EDG151","https://decina.com.au/product/eco-energy-efficient-spa-pump/"
"EI1700FSCNWIO","https://decina.com.au/product/elisi-1700-freestanding-spa-bath-12-jets-with-integrated-overflow/"
"EI1700WIO","https://decina.com.au/product/elisi-freestanding-bath-with-integrated-overflow/"
"EL1500BIO","https://decina.com.au/product/elinea-1500-1790-black-freestanding-bath-with-integrated-overflow/"
"EL1500S","https://decina.com.au/product/elinea-1500-1790-freestanding-bath/"
"EN1780BIO","https://decina.com.au/product/elinea-1500-1790-black-freestanding-bath-with-integrated-overflow/"
"EN1780S","https://decina.com.au/product/elinea-1500-1790-freestanding-bath/"
"EZF001","https://decina.com.au/product/ezi-frame/"
"EZF002","https://decina.com.au/product/ezi-frame/"
"EZF003","https://decina.com.au/product/ezi-frame/"
"EZF004","https://decina.com.au/product/ezi-frame/"
"EZF005","https://decina.com.au/product/bath-base-support-system/"
"FA1525W","https://decina.com.au/product/fabrino-1525-1675-inset-bath/"
"FA1675W","https://decina.com.au/product/fabrino-1525-1675-inset-bath/"
"FATSWFR","https://decina.com.au/product/fabrino-rimless-universal-back-to-wall-toilet-suite/"
"FIPPB","https://decina.com.au/product/fitzroy-pivot-panel-bath-shower-screen/"
"FL1400WIO","https://decina.com.au/product/florencia-1400-freestanding-bath-with-integrated-overflow/"
"FLBB","https://decina.com.au/product/florencia-counter-top-basin-matte-black/"
"FLBBS","https://decina.com.au/product/florencia-counter-top-basin-scratch-black-matte-black/"
"FLBSS","https://decina.com.au/product/florencia-counter-top-basin-scratch-silvermatte-white/"
"FLBWG","https://decina.com.au/product/florencia-counter-top-basin-gloss-white/"
"FLBWGB","https://decina.com.au/product/florencia-counter-top-basin-gloss-white-textured-bronze/"
"FLBWGD","https://decina.com.au/product/florencia-counter-top-basin-gloss-white-textured-diamond/"
"FLBWGG","https://decina.com.au/product/florencia-counter-top-basin-gloss-white-textured-gold/"
"FLBWGGM","https://decina.com.au/product/florencia-counter-top-basin-gloss-white-textured-gum-metal/"
"FLBWM","https://decina.com.au/product/florencia-counter-top-basin-matte-white/"
"FLSSCURVED","https://decina.com.au/product/floriano-curved-screen-1000x1000/"
"FLSYSCURVED","https://decina.com.au/product/floriano-curved-shower-system/"
"FTS","https://decina.com.au/product/fabrino-toilet-seat-only/"
"GI1500M","https://decina.com.au/product/giorgia-press-metal-bath/"
"GI1700M","https://decina.com.au/product/giorgia-press-metal-bath/"
"LA1790CNSPAWC","https://decina.com.au/product/lago-1795-spa-bath-contour-18-jets/"
"LA1790DVSPAWC","https://decina.com.au/product/lago-1795-dolce-vita-spa-bath-26-jets/"
"LA1800W","https://decina.com.au/product/lago-1795-bath-white/"
"MASSAL1200L","https://decina.com.au/product/manhattan-1200-framed-shower-screen/"
"NA1500LWIO","https://decina.com.au/product/natalia-1500-back-to-corner-freestanding-bath-with-integrated-overflow/"
"NA1700LWIO","https://decina.com.au/product/natalia-1700-back-to-corner-freestanding-bath/"
"LO1700WIO","https://decina.com.au/product/lola-1700-freestanding-bath-with-integrated-overflow/"
"LOBCTW","https://decina.com.au/product/lola-counter-top-basin/"
"MASS1200C","https://decina.com.au/product/malanda-frameless-sliding-screen-1200x900/"
"MASSAL1200R","https://decina.com.au/product/manhattan-1200-framed-shower-screen/"
"MASSRP900","https://decina.com.au/product/manhattan-1200-framed-shower-screen/"
"MASYS1200R","https://decina.com.au/product/malanda-1200-shower-system/"
"MI1800FSCNSPAWC","https://decina.com.au/product/mintori-freestanding-contour-14-jets/"
"MI1800FSDVSPAWC","https://decina.com.au/product/mintori-freestanding-spa-bath-18-jets/"
"MI1800WFREE","https://decina.com.au/product/mintori-1790-freestanding-bath/"
"MO1210W","https://decina.com.au/product/modena-1210-1515-1635-1785-inset-shower-bath-white/"
"MO1510CNSPAWC","https://decina.com.au/product/modena-contour-spa-bath/"
"MO1510SAN10JW","https://decina.com.au/product/modena-santai-10-jets-white/"
"MO1510W","https://decina.com.au/product/modena-1210-1515-1635-1785-inset-shower-bath-white/"
"MO1650CNSPAWC","https://decina.com.au/product/modena-contour-spa-bath/"
"MO1650DVSPAWC","https://decina.com.au/product/modena-1635-1785-dolce-vita-16-jets/"
"MO1650SAN10JW","https://decina.com.au/product/modena-santai-10-jets-white/"
"MO1650W","https://decina.com.au/product/modena-1210-1515-1635-1785-inset-shower-bath-white/"
"MO1800CNSPAWC","https://decina.com.au/product/modena-contour-spa-bath/"
"MO1800DVSPAWC","https://decina.com.au/product/modena-1635-1785-dolce-vita-16-jets/"
"MO1800SAN10JW","https://decina.com.au/product/modena-santai-10-jets-white/"
"MO1800W","https://decina.com.au/product/modena-1210-1515-1635-1785-inset-shower-bath-white/"
"MSP1150FREE","https://decina.com.au/product/m-series-1150-freestanding-panel-clear-glasschrome-fittings/"
"MSP1150FREEB","https://decina.com.au/product/m-series-1150-freestanding-panel-black-glass-black-fittings/"
"MSP1150FREECB","https://decina.com.au/product/m-series-1150-freestanding-panel-clear-glass-black-fittings/"
"MSP1150FREECN","https://decina.com.au/product/m-series-1150-freestanding-panel-clear-glass-brushed-nickel/"
"MSP1160","https://decina.com.au/product/m-series-wall-fixed-panel-860-960-1160-clear-glass-chrome-fittings/"
"MSP1160B","https://decina.com.au/product/m-series-860-960-1160-wall-fixed-panel-tinted-glass-black-fittings/"
"MSP1160BC","https://decina.com.au/product/m-series-wall-fixed-panel-860-960-1160-tinted-glass-chrome-fittings/"
"MSP1160CB","https://decina.com.au/product/m-series-wall-fixed-panel-860-960-1160-clear-glass-black-fittings/"
"MSP1160CN","https://decina.com.au/product/m-series-860-960-1160-wall-fixed-panel-brushed-nickel-fittings/"
"MSP860","https://decina.com.au/product/m-series-wall-fixed-panel-860-960-1160-clear-glass-chrome-fittings/"
"MSP860B","https://decina.com.au/product/m-series-860-960-1160-wall-fixed-panel-tinted-glass-black-fittings/"
"MSP860BC","https://decina.com.au/product/m-series-wall-fixed-panel-860-960-1160-tinted-glass-chrome-fittings/"
"MSP860CB","https://decina.com.au/product/m-series-wall-fixed-panel-860-960-1160-clear-glass-black-fittings/"
"MSP860CN","https://decina.com.au/product/m-series-860-960-1160-wall-fixed-panel-brushed-nickel-fittings/"
"MSP960","https://decina.com.au/product/m-series-wall-fixed-panel-860-960-1160-clear-glass-chrome-fittings/"
"MSP960B","https://decina.com.au/product/m-series-860-960-1160-wall-fixed-panel-tinted-glass-black-fittings/"
"MSP960BC","https://decina.com.au/product/m-series-wall-fixed-panel-860-960-1160-tinted-glass-chrome-fittings/"
"MSP960CB","https://decina.com.au/product/m-series-wall-fixed-panel-860-960-1160-clear-glass-black-fittings/"
"MSP960CN","https://decina.com.au/product/m-series-860-960-1160-wall-fixed-panel-brushed-nickel-fittings/"
"NA1500RWIO","https://decina.com.au/product/natalia-1500-back-to-corner-freestanding-bath-with-integrated-overflow/"
"NA1700RWIO","https://decina.com.au/product/natalia-1700-back-to-corner-freestanding-bath/"
"NO1480W","https://decina.com.au/product/novara-freestanding-bath/"
"NO1650CNSPAWC","https://decina.com.au/product/novara-contour-12-jets-white/"
"NO1650DVSPAWC","https://decina.com.au/product/novara-dolce-vita-spa-bath-16-jets/"
"NO1650SAN10JW","https://decina.com.au/product/novara-santai-10-jets-white/"
"NO1650W","https://decina.com.au/product/novara-1525-1665-1653-inset-island-bath-white/"
"NO1680W","https://decina.com.au/product/novara-freestanding-bath/"
"NOBSIS","https://decina.com.au/product/novara-square-semi-inset-basin/"
"NOBSRS","https://decina.com.au/product/novara-square-semi-recessed-basin/"
"NOBUCO","https://decina.com.au/product/novara-oval-undermount-basin/"
"NOBWMW550","https://decina.com.au/product/novara-550-wall-pedestal-basin/"
"NOCCTS","https://decina.com.au/product/novara-close-coupled-seat-only/"
"NOCTS","https://decina.com.au/product/novara-connector-toilet-seat-only/"
"NOTSCCS","https://decina.com.au/product/novara-rimless-close-coupled-toilet-suite/"
"NOTSCOS","https://decina.com.au/product/novara-connector-suite/"
"NT1525CNSPAWC","https://decina.com.au/product/novara-contour-12-jets-white/"
"NT1525SAN10JW","https://decina.com.au/product/novara-santai-10-jets-white/"
"NT1525W","https://decina.com.au/product/novara-1525-1665-1653-inset-island-bath-white/"
"NT1665CNSPAWC","https://decina.com.au/product/novara-contour-12-jets-white/"
"NT1665DVSPAWC","https://decina.com.au/product/novara-dolce-vita-spa-bath-16-jets/"
"NT1665SAN10JW","https://decina.com.au/product/novara-santai-10-jets-white/"
"NT1665W","https://decina.com.au/product/novara-1525-1665-1653-inset-island-bath-white/"
"OR1570FSW","https://decina.com.au/product/orion-freestanding-bath/"
"ORFS1570FSDVSPA","https://decina.com.au/product/orion-freestanding-spa-bath-16-jets/"
"OWA002","https://decina.com.au/product/waste-overflow/"
"OWA004","https://decina.com.au/product/decina-flexible-connectors/"
"OWA005","https://decina.com.au/product/decina-flexible-connectors/"
"OWA010","https://decina.com.au/product/bath-pop-down-overflow-kit/"
"OWA010","https://decina.com.au/product/bath-pop-down-waste-flexi-connector/"
"OWA017","https://decina.com.au/product/bath-pop-down-overflow-kit/"
"OX1700WIO","https://decina.com.au/product/oxford-1700-back-to-wall-freestanding-bath-with-integrated-overflow/"
"PR1500WIO","https://decina.com.au/product/decina-prezzo-freestanding-bath-with-integrated-overflow/"
"PR1510CNSPAWC","https://decina.com.au/product/prima-spa-contour-12-jets/"
"PR1510SAN10JW","https://decina.com.au/product/prima-santai-10-jets-white/"
"PR1510W","https://decina.com.au/product/prima-1515-1635-1785-inset-bath-white/"
"PR1650CNSPAWC","https://decina.com.au/product/prima-spa-contour-12-jets/"
"PR1650DVSPAWC","https://decina.com.au/product/prima-dolce-vita-spa-bath-16-jets/"
"PR1650SAN10JW","https://decina.com.au/product/prima-santai-10-jets-white/"
"PR1650W","https://decina.com.au/product/prima-1515-1635-1785-inset-bath-white/"
"PR1700WIO","https://decina.com.au/product/decina-prezzo-freestanding-bath-with-integrated-overflow/"
"PR1800CNSPAWC","https://decina.com.au/product/prima-spa-contour-12-jets/"
"PR1800DVSPAWC","https://decina.com.au/product/prima-dolce-vita-spa-bath-16-jets/"
"PR1800SAN10JW","https://decina.com.au/product/prima-santai-10-jets-white/"
"PR1800W","https://decina.com.au/product/prima-1515-1635-1785-inset-bath-white/"
"PRBW","https://decina.com.au/product/prima-wall-basin/"
"PRSSANG900C","https://decina.com.au/product/prezzo-900-angled-shower-screen/"
"PRTSWFR","https://decina.com.au/product/prezzo-back-to-wall-toilet-suite/"
"PUMPUPGRADE2","https://decina.com.au/product/contour-sensa-touch-pad-heat-boost-pump/"
"PZ1510W","https://decina.com.au/product/prezzo-1510-1650-inset-bath/"
"PZ1650W","https://decina.com.au/product/prezzo-1510-1650-inset-bath/"
"RBTS","https://decina.com.au/product/round-toilet-flush-button/"
"RE1700WIO","https://decina.com.au/product/regent-1700-freestanding-bath-with-integrated-overflow/"
"REETS","https://decina.com.au/product/renee-ezi-height-toilet-seat/"
"RETS","https://decina.com.au/product/renee-toilet-seat-only/"
"RETSWFER","https://decina.com.au/product/renee-ezi-height-rimless-universal-back-to-wall-toilet-suite/"
"RETSWFS","https://decina.com.au/product/renee-back-to-wall-toilet-suite/"
"REWFGERD","https://decina.com.au/product/renee-wall-faced-geberit-concealed-cistern-suite/"
"REWFGERD","https://decina.com.au/product/renee-rimless-wall-faced-pan-with-rt-in-wall-cistern-chrome/"
"REWFGESQ","https://decina.com.au/product/renee-rimless-wall-faced-pan-with-rt-in-wall-cistern-chrome-square-buttons/"
"REWFGESQ","https://decina.com.au/product/renee-wall-faced-pan-geberit-in-wall-cistern-square-buttons/"
"REWFGESQB","https://decina.com.au/product/renee-wall-faced-pan-geberit-in-wall-cistern-square-buttons-matte-black/"
"REWFGESQW","https://decina.com.au/product/renee-wall-faced-pan-geberit-in-wall-cistern-square-buttons-matte-white/"
"REWFP","https://decina.com.au/product/renee-wall-faced-pan/"
"RWTS","https://decina.com.au/product/round-toilet-flush-button/"
"SB1000C3T","https://decina.com.au/product/luna-900-1000-centre-waste-shower-base/"
"SB1000R3T","https://decina.com.au/product/luna-900-1000-rear-waste-shower-base/"
"SB1200R3T","https://decina.com.au/product/luna-1200-shower-base-rear-outlet/"
"SB900C3T","https://decina.com.au/product/luna-900-1000-centre-waste-shower-base/"
"SB900R3T","https://decina.com.au/product/luna-900-1000-rear-waste-shower-base/"
"SBANGLED","https://decina.com.au/product/luna-shower-base-1000-x-1000-angled/"
"SBCURVED","https://decina.com.au/product/luna-shower-base-1000-x-1000-curved/"
"SD1790CNSPAWC","https://decina.com.au/product/san-diego-1790-spa-contour-14-jets/"
"SD1790DVSPAWC","https://decina.com.au/product/san-diego-1790-spa-dolce-vita-16-jets/"
"SD1790SAN12JW","https://decina.com.au/product/san-diego-1790-santai-12-jets-white/"
"SD1790W","https://decina.com.au/product/san-diego-bath-white/"
"SDBCTW","https://decina.com.au/product/san-diego-counter-top-basin/"
"SDBSRW","https://decina.com.au/product/san-diego-rectangle-semi-recessed-basin/"
"SDBUCW","https://decina.com.au/product/san-diego-undermount-basin/"
"SDBVBW","https://decina.com.au/product/san-diego-vanity-inset-basin/"
"SDTS","https://decina.com.au/product/decina-san-diego-toilet-seat-only/"
"SDTSWFS","https://decina.com.au/product/san-diego-rimless-back-wall-toilet-suite/"
"SH1600W","https://decina.com.au/product/sheraton-1600-freestanding-bath/"
"SH1600WIO","https://decina.com.au/product/sheraton-1600-freestanding-bath-with-integrated-overflow/"
"SHC0911 C4","https://decina.com.au/product/prelude-shower-base-centre-4-tile-bead/"
"SHC0911 R4","https://decina.com.au/product/prelude-shower-base-895-1000-rear-4-tile-bead/"
"SHC1101 R4","https://decina.com.au/product/prelude-shower-base-895-1000-rear-4-tile-bead/"
"SHC1101LP C4","https://decina.com.au/product/prelude-shower-base-centre-4-tile-bead/"
"SHC1201 R4","https://decina.com.au/product/prelude-shower-base-1200-x-900-rear-4-tile-bead/"
"SHEN1400CNSPAWC","https://decina.com.au/product/shenseki-contour-spa-bath/"
"SHEN1400DVSPAWC","https://decina.com.au/product/shenseki-dolce_vita_16-jet-spa_bath/"
"SHEN1400SAN10JW","https://decina.com.au/product/shenseki-santai-spa-bath/"
"SHEN1400W","https://decina.com.au/product/shenseki-1395-1515-inset-bath-white/"
"SHEN1510CNSPAWC","https://decina.com.au/product/shenseki-contour-spa-bath/"
"SHEN1510DVSPAWC","https://decina.com.au/product/shenseki-dolce_vita_16-jet-spa_bath/"
"SHEN1510SAN10JW","https://decina.com.au/product/shenseki-santai-spa-bath/"
"SHEN1510W","https://decina.com.au/product/shenseki-1395-1515-inset-bath-white/"
"SHR460","https://decina.com.au/product/aria-450-wall-pedestal-basin/"
"SHR550","https://decina.com.au/product/novara-550-wall-pedestal-basin/"
"SL1700W","https://decina.com.au/product/solis-1700-freestanding-bath/"
"SUFS","https://decina.com.au/product/toilet-seat-hamberger-eox/"
"SW1000","https://decina.com.au/product/shower-wall-900-x-900-x-2000/"
"SW1200","https://decina.com.au/product/shower-wall-900-x-900-x-2000/"
"SW900","https://decina.com.au/product/shower-wall-900-x-900-x-2000/"
"SWAL1000","https://decina.com.au/product/shower-wall-900-3-sided-alcove/"
"SWAL1200","https://decina.com.au/product/shower-wall-900-3-sided-alcove/"
"SWAL900","https://decina.com.au/product/shower-wall-900-3-sided-alcove/"
"SY242-A-B","https://decina.com.au/product/headrest-fiore-straight/"
"SY242-B","https://decina.com.au/product/headrest-sia-curved/"
"SY245-HB","https://decina.com.au/product/orion-headrest/"
"TU1520CNSPAWC","https://decina.com.au/product/turin-1520-1665-1790-contour-12-jet-spa-bath/"
"TU1520SAN10JW","https://decina.com.au/product/turin-santai-10-jets-white/"
"TU1525W","https://decina.com.au/product/turin-1520-1665-1790-inset-bath-white/"
"TU1665DVSPAWC","https://decina.com.au/product/turin-dolce-vita-spa-bath-16-jets/"
"TU1675CNSPAWC","https://decina.com.au/product/turin-1520-1665-1790-contour-12-jet-spa-bath/"
"TU1675SAN10JW","https://decina.com.au/product/turin-santai-10-jets-white/"
"TU1675W","https://decina.com.au/product/turin-1520-1665-1790-inset-bath-white/"
"TU1790CNSPAWC","https://decina.com.au/product/turin-1520-1665-1790-contour-12-jet-spa-bath/"
"TU1790DVSPAWC","https://decina.com.au/product/turin-dolce-vita-spa-bath-16-jets/"
"TU1790SAN10JW","https://decina.com.au/product/turin-santai-10-jets-white/"
"TU1800W","https://decina.com.au/product/turin-1520-1665-1790-inset-bath-white/"
"UN1530CNSPAWC","https://decina.com.au/product/uno-1530-1700-contour-12-jet-spa-bath/"
"UN1530SAN10JW","https://decina.com.au/product/uno-santai-spa-bath/"
"UN1530W","https://decina.com.au/product/uno-island-oval-bath-white/"
"UN1700CNSPAWC","https://decina.com.au/product/uno-1530-1700-contour-12-jet-spa-bath/"
"UN1700DVSPAWC","https://decina.com.au/product/uno-dolce-vita-spa-bath-16-jets/"
"UN1700SAN10JW","https://decina.com.au/product/uno-santai-spa-bath/"
"UN1700W","https://decina.com.au/product/uno-island-oval-bath-white/"
"VA1500GW","https://decina.com.au/product/valentina-1500-1700-gloss-freestanding-bath/"
"VA1500MW","https://decina.com.au/product/valentina-1500-1700-freestanding-bath/"
"VA1700GW","https://decina.com.au/product/valentina-1500-1700-gloss-freestanding-bath/"
"VA1700MW","https://decina.com.au/product/valentina-1500-1700-freestanding-bath/"
"VE1400CNSPAWC","https://decina.com.au/product/venice-contour-spa-bath-20-jets/"
"VE1400DVSPAWC","https://decina.com.au/product/venice-dolce-vita-spa-bath-28-jets/"
"VE1400W","https://decina.com.au/product/venice-1400-square-bath-white/"
"VI1500MW","https://decina.com.au/product/viva-fluted-freestanding-bath/"
"VI1700MW","https://decina.com.au/product/viva-fluted-freestanding-bath/"
"WA001","https://decina.com.au/product/bath-pop-plug-removable-waste/"
"WA002","https://decina.com.au/product/bath-pop-plug-removable-waste/"
"WA003","https://decina.com.au/product/bath-pop-plug-removable-waste/"